Entity,TimeWindow,period_start,period_end,period_midpoint,count_docs_total_after_deduplication,count_capacity_evidence_docs,Ci_t_country_capacity,level_of_documented_country_capacity_evidence,max_document_capacity_score_cd,sum_document_capacity_score_cd,evidence_of_country_capacity,best_evidence_title,best_evidence_link,best_evidence_query,best_evidence_textfile,best_evidence_capacity_justification,best_evidence_phrases
Brazil,2014-2018,2014,2018,2016,36,10,64.4,strong documented capacity evidence,81.0,644.0,True,DETERring Deforestation in the Amazon: Environmental ...,https://climatepolicyinitiative.org/wp-content/uploads/2013/05/DETERring-Deforestation-in-the-Brazilian-Amazon-Environmental-Monitoring-and-Law-Enforcement-Technical-Paper_Feb2017.pdf,Brazil capacity building environmental monitoring system after:2014-01-01 before:2018-01-01,climatepolicyinitiative_org_DETERring_Deforestation_in_the_Amazon_Environmenta_2c339f69cd.txt,"The document provides clear evidence of institutionalized and operational national systems for environmental monitoring and law enforcement in Brazil during 2014-2018. The Real-Time System for Detection of Deforestation (DETER) is a satellite-based system that provides near real-time identification of deforestation hotspots throughout the Brazilian Amazon. This system, launched in 2004 and strengthened during the studied period, is a key tool for targeting law enforcement efforts in the Amazon.","[""DETER is a satellite-based system that provides near real-time identification of deforestation hotspots throughout the full extent of the Brazilian Amazon."", ""The system differentiates forested and deforested areas, such that, for any given location, later satellite images are compared with earlier ones to identify changes in forest cover."", ""Each clearing hot spot triggers the issuing of a DETER deforestation alert, signaling areas in need of immediate attention."", ""The adoption of DETER, a satellite-based system for mapping land cover, is the key tool in Amazon monitoring."", ""Ibama's law enforcement efforts gained greater legal support with the passing of Presidential Decree 6,514 in 2008, which reestablished directives for the investigation and sanctioning of environmental infractions.""]"
Brazil,2018-2022,2018,2022,2020,28,15,66.0,strong documented capacity evidence,81.0,990.0,True,SECONDSUMMARYOFINFORM...,https://redd.unfccc.int/media/2sumariosalv_br_final.pdf,Brazil environmental information system capacity after:2018-01-01 before:2022-01-01,redd_unfccc_int_SECONDSUMMARYOFINFORM__90a8782a08.txt,"The document provides clear evidence of institutionalized or operational national/subnational systems in Brazil during 2018-2022, related to environmental data systems, environmental statistics, scientific environmental assessments, environmental monitoring systems, and environmental information platforms.","[""REDD+ Safeguards Information System (SISREDD+)"", ""Action Plan for the Prevention and Control of Deforestation in the Legal Amazon (PPCDAm)"", ""National REDD+ Strategy (ENREDD+)"", ""Amazon Fund"", ""Thematic Advisory Boards (CCTs)"", ""Environmental monitoring and control"", ""Promotion of sustainable productive activities"", ""Land tenure and territorial planning""]"
Brazil,2022-2026,2022,2026,2024,48,13,65.08,strong documented capacity evidence,82.0,846.0,True,Brazil | Data,https://data.worldbank.org/country/brazil,Brazil state of environment reporting capacity after:2022-01-01 before:2026-01-01,data_worldbank_org_Brazil_Data_42049fd36f.txt,"The document provides evidence of Brazil's capacity to produce and utilize environmental data and statistics during 2022-2026. Specifically, it mentions various environmental indicators such as 'Access to electricity (% of population)', 'Forest area (% of land area)', 'Carbon dioxide (CO2) emissions excluding LULUCF per capita (t CO2e/capita)', and 'Statistical performance indicators (SPI): Overall score (scale 0-100)'. The presence of these indicators and their recent values (e.g., 2023, 2024) suggest an operational system for environmental data collection and reporting.","[""Access to electricity (% of population) 99.8 (2023)"", ""Forest area (% of land area) 59.0 (2023)"", ""Carbon dioxide (CO2) emissions excluding LULUCF per capita (t CO2e/capita) 2.3 (2024)"", ""Statistical performance indicators (SPI): Overall score (scale 0-100) 82.3 (2024)""]"
Egypt,2014-2018,2014,2018,2016,23,5,60.4,strong documented capacity evidence,81.0,302.0,True,Egyptian Wide Area Monitoring System (EWAMS) Based ...,https://www.intechopen.com/chapters/48332,Egypt capacity building environmental monitoring system after:2014-01-01 before:2018-01-01,www_intechopen_com_Egyptian_Wide_Area_Monitoring_System_EWAMS_Based__f73b830254.txt,"The document provides clear evidence of an operational national environmental-related monitoring system in Egypt during 2014-2018. The Egyptian Wide Area Monitoring System (EWAMS) is a smart grid system that collects real-time synchronized frequency, voltage, and phase angle measurements at the transmission level of the power grid. The system includes a data management and processing center, a communication infrastructure, and remote access capabilities.","[""Egyptian Wide Area Monitoring System (EWAMS) based on smart grid system solution"", ""EWAMS is a 3G based wide area sensor network consisting of a special type of high precision family of phasor measurement units (PMUs) and a central data management and processing system"", ""The EWAMS system includes real-time monitoring, situational awareness, stability monitoring, and event identification applications"", ""The system provides remote access for displaying the FDRs' parameters with different configuration through web service"", ""The EWAMS system is operated by several dedicated servers, including a data concentrator server, real-time application server, non-real-time application server, web server, and data storage server""]"
Egypt,2018-2022,2018,2022,2020,18,7,51.86,moderate documented capacity evidence,81.0,363.0,True,Data Ecosystem Report to Enhance Sustainable ...,https://egypt.unfpa.org/sites/default/files/pub-pdf/Data%20Ecosystem%20Final%20Web%20English.pdf,Egypt environmental information system capacity after:2018-01-01 before:2022-01-01,egypt_unfpa_org_Data_Ecosystem_Report_to_Enhance_Sustainable__b80d1b7d0f.txt,The document provides clear evidence of institutionalized or operational national/subnational systems related to environmental data systems and statistics in Egypt during 2018-2022.,"[""Data Ecosystem Report to Enhance Sustainable Development in Egypt"", ""Egypt Vision 2030"", ""Sustainable Development Goals (SDGs)"", ""Central Agency for Public Mobilization and Statistics (CAPMAS)"", ""data ecosystem"", ""environmental data systems"", ""statistical systems""]"
Egypt,2022-2026,2022,2026,2024,35,15,53.6,moderate documented capacity evidence,81.0,804.0,True,Central Laboratory for Environmental Quality Monitoring,https://nwrc.gov.eg/central-laboratory-for-environmental-quality-monitoring/,Egypt environmental monitoring capacity after:2022-01-01 before:2026-01-01,nwrc_gov_eg_Central_Laboratory_for_Environmental_Quality_Monit_2c4d824c01.txt,"The Central Laboratory for Environmental Quality Monitoring (CLEQM) in Egypt demonstrates strong institutional and technical capacity for environmental monitoring and data production, particularly in water quality analysis. The laboratory's accreditation, advanced equipment, and participation in international programs indicate a high level of capacity.","[""CLEQM is one of the first Egyptian Laboratory that has been accredited by the International and national Laboratory Accreditation System conforming to the requirements of ISO/IEC 17025:2017"", ""The laboratory provides comprehensive and distinguished research services through its specialized scientific departments"", ""They operate according to the latest international standards and specifications for quality and environmental accreditation"", ""The laboratories contribute to capacity building by organizing training courses and building technical staff"", ""Conducting physical, chemical, and biological analyses of surface and groundwater resources"", ""Preparing technical reports and analytical databases to support water policies""]"
Ghana,2014-2018,2014,2018,2016,32,17,60.06,strong documented capacity evidence,81.0,1021.0,True,"The Forestry Commission, Republic of Ghana",https://www.forestcarbonpartnership.org/system/files/documents/Ghana%20MRV%20Final%20Report%20%28ID%2067024%29.pdf,Ghana environmental monitoring framework data reporting after:2014-01-01 before:2018-01-01,www_forestcarbonpartnership_org_The_Forestry_Commission_Republic_of_Ghana_8c574d5628.txt,"The document provides detailed evidence of institutional and technical capacity development in Ghana for environmental data systems, specifically for REDD+ activities, during 2014-2018. It outlines the development of a Measurement, Reporting, and Verification (MRV) system, including standard operating procedures (SOPs) for estimating emissions and removals, and institutional arrangements for implementing these systems.","[""Development of Reference Emissions Levels and Measurement, Reporting and Verification System in Ghana"", ""Standard Operating Procedures (SOPs) for MRV"", ""Institutional arrangements for GHG reporting"", ""Capacity building requirements for sustained MRV capabilities""]"
Ghana,2018-2022,2018,2022,2020,29,14,45.93,moderate documented capacity evidence,61.0,643.0,True,ICAT'S WORK IN GHANA,https://climateactiontransparency.org/wp-content/uploads/2020/07/Ghana-case-study-270320.pdf,Ghana environmental information system capacity after:2018-01-01 before:2022-01-01,climateactiontransparency_org_ICAT_S_WORK_IN_GHANA_b2c16f8044.txt,"The document provides strong evidence of system development or institutional strengthening in environmental data systems, specifically in the area of climate change. ICAT's support has helped Ghana develop and operationalize its Monitoring, Reporting and Verification (MRV) system, including the development of a legal framework and institutional arrangements. A network of data champions has been established, and training has been provided to national stakeholders.","[""ICAT’s WORK IN GHANA"", ""develop and operationalize the Monitoring, Reporting and Verification (MRV) system"", ""Ghana adopted the GCARP as its domestic MRV system in 2013"", ""ICAT began working with Ghana in 2017"", ""established a network of data champions"", ""trained national stakeholders to better assess the full effects of climate actions"", ""application of the GACMO tool in Ghana has made it possible to assess the emissions reductions and cost implications of individual mitigation actions"", ""GACMO was the main tool used by Ghana in the assessment of mitigation actions when compiling the country’s second biennial update report (BUR) to the UNFCCC in 2018""]"
Ghana,2022-2026,2022,2026,2024,20,14,63.36,strong documented capacity evidence,81.0,887.0,True,Ghana's Energy Information Management System and Our ...,https://eis.ecowas.int/assets/front/medias/doc/media_20230309101105.pdf,Ghana environmental information system capacity after:2022-01-01 before:2026-01-01,eis_ecowas_int_Ghana_s_Energy_Information_Management_System_and_O_2128f4adbb.txt,"The document provides clear evidence of Ghana's institutional and technical capacity to develop, produce, and disseminate energy data and statistics during 2022-2026. The Energy Commission of Ghana has established a robust energy information management system, which includes data collection, quality assurance, and dissemination processes.","[""Energy Commission Act, 1997 (Act 541) mandates the Energy Commission to collect energy data, compile, analyse and make the information available to policymakers, researchers and planners."", ""The Energy Commission has been executing this mandate in close collaboration with stakeholders such as: Volta River Authority (VRA), Ghana National Gas Company (GNGC), Tema Oil Refinery (TOR), Ghana National Petroleum Corporation (GNPC), Petroleum Commission (PC), National Petroleum Authority (NPA), Environmental Protection Agency (EPA), Ghana Railway Development Authority (GRDA), Ghana Grid Company (GRIDCo), Electricity Company of Ghana (ECG), Enclave Power Company Ltd (EPC), Northern Electricity Distribution Company (NEDCo), Ghana Statistical Service (GSS), Public Utilities Regulatory Commission (PURC)"", ""The Energy Commission uses spreadsheet softwares such as Excel to develop energy balances."", ""The Commission is developing a database system with a functionality of automating the development of an energy balance."", ""Data dissemination is done according to the International Recommendation of Energy Statistics (IRES)."", ""The Commission is developing a database-driven platform to facilitate dissemination of energy data and statistics."", ""The Energy Commission promotes the efficient and productive use of energy through awareness creation, development and enforcement of energy efficiency standards and regulations, and appliance verification application.""]"
India,2014-2018,2014,2018,2016,38,6,63.5,strong documented capacity evidence,81.0,381.0,True,ENVIS KERALA Presentation,https://wgbis.ces.iisc.ac.in/energy/stc/brainstorming-20may2016/ppt/9-KERALA-ENVIS-Kerala.pdf,India environmental information system capacity after:2014-01-01 before:2018-01-01,wgbis_ces_iisc_ac_in_ENVIS_KERALA_Presentation_2fd3eafc82.txt,"The document provides clear evidence of institutionalized environmental data systems and information platforms in India, specifically the ENVIS Centre in Kerala, during 2014-2018. The centre has a well-established environmental information system, collects and updates various environmental databases, and provides data to decision-makers and stakeholders.","[""ENVIS Centre Kerala is creating a database on different environment related topics of Kerala by collecting secondary data from Government agencies, R&D Centres, Universities, NGO's and other reliable sources."", ""The centre is also disseminating information to the society through newsletters, booklets, various awareness programmes etc."", ""INDIAN STATE LEVEL BASIC ENVIRONMENTAL INFORMATION DATABASE (ISBEID) was developed with periodic data collected from various Government departments/agencies."", ""The ENVIS Centre should be unique through the creation of databases on all sectors of environment and related issues for taking core decision on environment and development of the state."", ""ENVIS Centres have to act as a single point of repository of primary/secondary data to the Government.""]"
India,2018-2022,2018,2022,2020,48,13,47.92,moderate documented capacity evidence,61.0,623.0,True,Catalogue of Indian Emission Inventory Reports,https://www.teriin.org/sites/default/files/files/Indian-Emission-Inventory-Report.pdf,India national environmental reporting capacity after:2018-01-01 before:2022-01-01,www_teriin_org_Catalogue_of_Indian_Emission_Inventory_Reports_f9e4afca1f.txt,"The document provides a comprehensive catalogue of Indian emission inventory reports, focusing on air pollutant emissions. It highlights the development of emission factors, the use of primary and secondary data, and the application of guidelines set forth by the Central Pollution Control Board (CPCB). The report covers various sectors such as transport, industrial, residential, and others. However, the document does not explicitly describe the overall institutional or technical capacity of India to develop, produce, maintain, or use environmental data systems, environmental statistics, scientific environmental assessments, environmental monitoring systems, environmental data inputs to early warning systems, environmental information platforms, national environmental reporting frameworks, State of Environment reporting systems, environmental indicators, data portals, databases, or observatories. Despite this, the detailed analysis of emission inventory studies shows strong evidence of system development or institutional strengthening in the field of environmental data and statistics.","[""The report presents a database of all publicly available EI reports and several previously un-referred studies for India."", ""EI reports for different cities and states are scattered, and there is not a single comprehensive database."", ""The National Clean Air Programme (NCAP) mandates all 132 non-attainment cities to develop source apportionment studies."", ""A detailed air emission inventory (EI) with a comprehensive list of pollutants within a pre-defined geographical area is beneficial for developing clean air action plans."", ""The critical steps while developing an emission inventory include listing of all sources, type of air pollutants, determination of available emission factor, mathematical calculations, and computing total emissions.""]"
India,2022-2026,2022,2026,2024,29,11,54.64,moderate documented capacity evidence,61.0,601.0,True,government of india,https://sansad.in/getFile/annex/267/AS38_6P1Kgm.pdf?source=pqars,India environmental monitoring capacity after:2022-01-01 before:2026-01-01,sansad_in_government_of_india_b69aa9409a.txt,"The document provides evidence of institutional and technical capacity in India during 2022-2026 related to environmental data systems, statistics, and monitoring. Specifically, it mentions the Environmental Monitoring Network Programme, National Air Quality Monitoring Programme (NAMP), Continuous Ambient Air Quality Monitoring Stations (CAAQMS), National Ambient Noise Monitoring Network (NANMN), and National Water Quality Monitoring Programme (NWMP). These programs indicate a strong effort in developing and maintaining environmental monitoring systems.","[""Environmental Monitoring Network Programme"", ""National Air Quality Monitoring Programme (NAMP)"", ""Continuous Ambient Air Quality Monitoring Stations (CAAQMS)"", ""National Ambient Noise Monitoring Network (NANMN)"", ""National Water Quality Monitoring Programme (NWMP)"", ""Funds are allocated for Environmental Monitoring Network Programme"", ""Detail of fund released to Maharashtra State Pollution Control Board""]"
Indonesia,2014-2018,2014,2018,2016,38,11,58.45,moderate documented capacity evidence,81.0,643.0,True,Indonesia,https://seea.un.org/sites/seea.un.org/files/anca_national-plan_indonesia.pdf,Indonesia environmental information system capacity after:2014-01-01 before:2018-01-01,seea_un_org_Indonesia_8798ec7c5f.txt,"The document provides clear evidence of Indonesia's institutional and technical capacity to develop, produce, maintain, or use environmental data systems, environmental statistics, scientific environmental assessments, environmental monitoring systems, and environmental information platforms during 2014-2018. The National Plan for Advancing Environmental-Economic Accounting (NP-AEEA) demonstrates a strong commitment to developing environmental-economic accounting and integrated statistical systems for sustainable development.","[""The development of a comprehensive environmental-economic accounting information system"", ""Enhanced institutional coordination within Indonesia and between levels of government and initiatives"", ""Training and capacity building in environmental-economic accounting"", ""The establishment of a high-level steering committee as an umbrella coordinating mechanism for SEEA, WAVES, and SEEA-Agri"", ""The implementation of the UN System of Environmental-Economic Accounting (SEEA) and other international statistical frameworks""]"
Indonesia,2018-2022,2018,2022,2020,18,9,58.22,moderate documented capacity evidence,81.0,524.0,True,Assessing the Implementation of the Energy Management ...,https://ije-pyc.org/IJE/article/download/125/52/432,Indonesia capacity building environmental monitoring system after:2018-01-01 before:2022-01-01,ije-pyc_org_Assessing_the_Implementation_of_the_Energy_Managem_2f4bebd858.txt,"The document provides clear evidence of Indonesia's institutional and technical capacity to develop, produce, maintain, or use environmental data systems during 2018-2022, specifically in energy management systems in buildings.","[""Implementation of ISO 50001 standard for energy management system in a public building in Indonesia"", ""Energy management team established with various activities such as developing standard operational procedures, working instructions, and appointing a person in charge on each floor"", ""Investment Grade Audit (IGA) performed in 2018 to optimize energy consumption"", ""Implementation of energy-efficient technologies such as Building Automation System (BAS), LED lighting, and Energy Monitoring System (EMonS)"", ""Reduction in energy consumption by 613,188 kWh/year and energy efficiency index by 129.06 kWh/m2/year in 2020"", ""Reduction in greenhouse gas emissions by 588.94 tons of CO2 equivalent""]"
Indonesia,2022-2026,2022,2026,2024,56,6,53.83,moderate documented capacity evidence,61.0,323.0,True,Industrial Parks in Indonesia: Challenges and Opportunities ...,https://cgs.umd.edu/research-impact/publications/industrial-parks-indonesia-challenges-and-opportunities-sustainable,Indonesia state of environment reporting capacity after:2022-01-01 before:2026-01-01,cgs_umd_edu_Industrial_Parks_in_Indonesia_Challenges_and_Oppor_f030b6b15c.txt,"The document provides strong evidence of system development or institutional strengthening in Indonesia during 2022-2026, specifically in the area of data collection and analysis for sustainable industrial development.","[""comprehensive dataset with key statistics on industrial parks in Indonesia"", ""first-of-its-kind analysis"", ""Industrial Parks Database"", ""data availability in achieving sustainable development"", ""changes in Indonesia’s industrial policy"", ""impact of industrial parks on local communities""]"
Kenya,2014-2018,2014,2018,2016,52,15,48.4,moderate documented capacity evidence,80.0,726.0,True,Information platforms and electronic data services relevant to ...,https://pnin-niger.org/web/wp-content/uploads/2025/06/60-Information-platforms-and-electronic-data-services-relevant-to-human-nutrition-in-Kenya.pdf,Kenya environmental statistics capacity after:2014-01-01 before:2018-01-01,pnin-niger_org_Information_platforms_and_electronic_data_services_8855edd497.txt,"The document provides strong evidence of institutionalized or operational national/subnational systems related to environmental data, statistics, and monitoring in Kenya during 2014-2018. It describes various data sharing platforms, portals, and dashboards that provide access to data relevant to nutrition and environmental analysis.","[""Ministry of Health Nutrition Platform"", ""Kenya National Data Portal"", ""Kenya National Bureau of Statistics Data Platform"", ""Kenya National Data Archive (KeNADA)"", ""Integrated Management Information System (IMIS)"", ""Kenya Open Data Platform"", ""Open County Dashboard"", ""Demographics Kenya Dashboard"", ""Kenya GIS Data Portal"", ""Kenya Inequalities Portal"", ""Kenya County Health Fact Sheets Dashboard"", ""Kenya NCD Info Portal"", ""Kenya Country STAT Database"", ""Maji Data Dashboard"", ""Wazi Map Kenya Dashboard"", ""Kenya Health Information Systems (KHIS)"", ""Agricultural Information System"", ""Early Warning System""]"
Kenya,2018-2022,2018,2022,2020,8,4,55.0,moderate documented capacity evidence,80.0,220.0,True,implementation of an integrated mrv framework- kenya ...,https://unfccc.int/sites/default/files/resource/2_Kenya%20MRV%20experience%20CGE%20webinar%2012112020.pdf,Kenya environmental monitoring framework data reporting after:2018-01-01 before:2022-01-01,unfccc_int_implementation_of_an_integrated_mrv_framework_keny_a6d9999345.txt,"The document provides strong evidence of Kenya's institutional and technical capacity to develop, produce, and use environmental data systems, specifically in the context of climate change and MRV (Monitoring, Reporting, and Verification) systems. The National Climate Change Action Plan 2018-2022 and the integrated MRV framework demonstrate a clear capacity to track and report mitigation and adaptation actions, including GHG inventory, climate finance, and SDG tracking.","[""National Climate Change Action Plan (NCCAP) 2018 -2022"", ""integrated MRV framework"", ""GHG emission sectors"", ""Monitoring and data collection"", ""GHG emission calculation"", ""Analysis and reporting"", ""Results and communication"", ""NDC implementation roadmap"", ""Priority mitigation actions"", ""Tracking mitigation actions"", ""Monitoring and reporting"", ""Climate finance flow"", ""SDGs mapping and Monitoring"", ""Data for SDGs impact monitoring"", ""Robust Institutional Frameworks -Climate Change Focal Points at National and County Level""]"
Kenya,2022-2026,2022,2026,2024,37,16,68.19,strong documented capacity evidence,81.0,1091.0,True,"Kenya Environmental Performance, Crime and Incidence ...",https://ke.chm-cbd.net/sites/ke/files/2022-10/KEPI-2020-final-print.pdf,Kenya environmental data system institutional capacity after:2022-01-01 before:2026-01-01,ke_chm-cbd_net_Kenya_Environmental_Performance_Crime_and_Incidenc_183b17428c.txt,"The document provides clear evidence of Kenya's institutional and technical capacity to develop, produce, maintain, or use environmental data systems, environmental statistics, scientific environmental assessments, environmental monitoring systems, and environmental information platforms during 2022-2026.","[""The Kenya Environmental Performance Index (KEPI) and Environmental Crime Incidence Index (ECII) were developed and updated"", ""NEMA has updated the 2018 EPI and prepared an Environmental Crime Index (ECII)"", ""The KEPI process involved refining of indicators and criteria used in previous assessments to make them more robust and responsive"", ""A total of eleven (11) policy categories and twenty-five (25) indicators nested into the policy categories were applied under the three overarching objectives"", ""The process generated County Environmental Performance Index (CEPI) for 47 counties"", ""The KEPI notes that the low EPI scores indicate the need for greater attention to a spectrum of sustainability requirements, with a high-priority focus on critical issues such as water and sanitation, air and water quality, biodiversity, and climate change mitigation and adaptation strategies"", ""NEMA should spearhead the process of establishment of an observatory for key environmental indicators, to act as a database upon which all MDAs and lead agencies can deposit and retrieve data""]"
Lebanon,2014-2018,2014,2018,2016,10,2,50.0,moderate documented capacity evidence,60.0,100.0,True,Lebanon's National Strategy for Air Quality Management ...,http://www.studies.gov.lb/getattachment/Sectors/Environment/2017/ENV-17-12/Env-17-12.pdf,Lebanon environmental information system capacity after:2014-01-01 before:2018-01-01,www_studies_gov_lb_Lebanon_s_National_Strategy_for_Air_Quality_Manage_4cb8a9b40a.txt,"The document provides evidence of institutional and technical capacity in Lebanon during 2014-2018 to develop, produce, maintain, or use environmental data systems, specifically in air quality management. It outlines the establishment and expansion of the Air Quality Monitoring Network (AQMN) and the development of a National Strategy for Air Quality Management. However, the evidence is mostly related to the development and planning stages rather than the full operationalization of these systems.","[""Air Quality Monitoring Network (AQMN) was launched in 2013 with real-time air quality monitoring through five stations in Lebanon"", ""Phase 2 of the AQMN was launched in 2017 with the support of the EU, covering the installation of ten additional stations"", ""Development of a National Strategy for Air Quality Management in Lebanon in 2015"", ""Establishing a methodology for the analysis, assessment, and reporting of the ambient air quality data"", ""Updating, improving, and reviewing regularly existing initial emission inventories""]"
Lebanon,2022-2026,2022,2026,2024,15,3,53.67,moderate documented capacity evidence,61.0,161.0,True,Indicator Reporting Information System (IRIS),https://storymaps.arcgis.com/stories/0f4835d17609440da87245dae05eee1b,Lebanon environmental indicators reporting capacity after:2022-01-01 before:2026-01-01,storymaps_arcgis_com_Indicator_Reporting_Information_System_IRIS__08ae12dfde.txt,"The document mentions IRIS for Lebanon, indicating that Lebanon has an Indicator Reporting Information System (IRIS) which is a web-based application designed to automate the reporting process for environmental data. This shows strong evidence of system development or institutional strengthening in environmental data systems, specifically in reporting and data management.","[""IRIS for Lebanon"", ""Indicator Reporting Information System (IRIS) is a web-based application specifically designed to automate the reporting process towards facilitating the availability of high quality, timely and disaggregated data for evidence-based decision making."", ""The IRIS system provides executive dashboard functionality allowing for graphical representation of data in addition to producing human and machine readable reports.""]"
Morocco,2014-2018,2014,2018,2016,19,5,64.2,strong documented capacity evidence,80.0,321.0,True,Plans and priorities,https://mission-innovation.net/our-members/morocco/plans-and-priorities/,Morocco national environmental reporting capacity after:2014-01-01 before:2018-01-01,mission-innovation_net_Plans_and_priorities_96b66b0e25.txt,"The document provides strong evidence of Morocco's institutional and technical capacity to develop, produce, maintain, or use environmental data systems, statistics, and scientific assessments during 2014-2018. The country has established several institutions and initiatives to support research and innovation in clean energy and sustainable development.","[""The creation of the Institute for Research in Solar Energy and New Energies (IRESEN)"", ""The establishment of research platforms such as the Green Energy Park and Green and Smart Building Park"", ""The Moroccan Agency for Sustainable Energy (MASEN) is responsible for developing and managing renewable energy projects"", ""The National Agency for Energy Efficiency (AMEE) is in charge of implementing Morocco's energy efficiency policy"", ""The Energy Development Fund finances renewable energy and energy efficiency actions"", ""Morocco aims to double government investment in clean energy applied research and innovation over five years, from 40 million € in 2012-2017 to 80 million € by 2018-2023""]"
Morocco,2018-2022,2018,2022,2020,34,9,60.11,strong documented capacity evidence,81.0,541.0,True,"14. Morocco: SDG Implementation, Development of the ...",https://nec.undp.org/sites/default/files/2021-07/Morocco%202017.pdf,Morocco environmental data system institutional capacity after:2018-01-01 before:2022-01-01,nec_undp_org_14_Morocco_SDG_Implementation_Development_of_the__c0a4a88815.txt,"The document provides clear evidence of Morocco's institutional capacity to develop, produce, and use environmental data systems, statistics, and assessments during 2018-2022. The Moroccan National Observatory of Human Development (ONDH) plays a significant role in this capacity.","[""The national statistical system is able to monitor and provide indicators with a high degree of relevance."", ""Morocco has a statistical system able to evaluate the progress made in SDG programmes after 2015."", ""The ONDH has developed the measurement of other indicators, such as those relating to vulnerability, multidimensional poverty, subjective poverty, access to programmes against poverty and the economic distribution of wealth."", ""The ONDH has established a territorial information system and a regional-level survey of a panel of representative households."", ""The ONDH organized training sessions for the benefit of all local actors in the prefectures and provinces of the Kingdom, with a view to ensuring the best use of the functionalities that spatial information technology offers.""]"
Morocco,2022-2026,2022,2026,2024,10,8,47.75,moderate documented capacity evidence,61.0,382.0,True,Morocco and MENA region - Establishing a center of ...,https://www.ccacoalition.org/calls-for-proposals/2025-calls-proposals-projects-advance-national-policy-and-mitigation-actions/morocco-and-mena-region-establishing-center-excellence-and-enhancing-air-quality-management,Morocco state of environment reporting capacity after:2022-01-01 before:2026-01-01,www_ccacoalition_org_Morocco_and_MENA_region_Establishing_a_center_of__1390b22576.txt,"The document provides strong evidence of Morocco's efforts to develop and strengthen its institutional and technical capacity for air quality management during 2022-2026. This includes the development of a National Air Program (PNAir), expansion of the air quality monitoring network, and drafting regulatory frameworks. However, the capacity is still emerging and not fully institutionalized.","[""Morocco has endorsed a National Air Program (PNAir) in 2018 to improve air quality across a range of priority sectors by 2030."", ""The key focus areas of the PNAir include: Expanding the air quality monitoring network across the country."", ""Significant progress has been made in establishing and expanding the National Air Quality Monitoring Network."", ""Morocco has submitted its Nationally Determined Contribution (NDC 3.0) to the UNFCCC Secretariat."", ""The project aims to support the implementation of Morocco’s National Air Program (PNAIR) and the development of a MENA region Center of Excellence for Clean Air.""]"
Rwanda,2018-2022,2018,2022,2020,32,14,54.5,moderate documented capacity evidence,81.0,763.0,True,How Rwanda is using climate change data and projections ...,https://climatechange.gov.rw/updates/blogs?tx_news_pi1%5Baction%5D=detail&tx_news_pi1%5Bcontroller%5D=News&tx_news_pi1%5Bnews%5D=25&cHash=2caffbc86dc636496371fbb45fa7cf1c,Rwanda environmental data system institutional capacity after:2018-01-01 before:2022-01-01,climatechange_gov_rw_How_Rwanda_is_using_climate_change_data_and_projec_d9af3fa08f.txt,"The document provides clear evidence of Rwanda's institutional and technical capacity to develop, produce, maintain, and use environmental data systems, environmental statistics, and scientific environmental assessments during 2018-2022.","[""Rwanda Climate Change Observatory"", ""Meteo Rwanda forecasting and climate modeling"", ""Air Quality Monitoring System"", ""climate change projections for Rwanda on different timescales"", ""regular measurements, weather forecasts, data management, information sharing, and climate knowledge and education"", ""World Meteorological Organisation Global Atmosphere Watch station"", ""strengthened research on climate change and atmospheric sciences"", ""trained them on effective climate data maintenance and analysis"", ""provided new monitoring equipment and increased the technical skills"", ""improvement of the range of weather and climate information available to inform decision making at all levels in Rwanda"", ""real-time air quality information thanks to a new website and mobile application""]"
Rwanda,2022-2026,2022,2026,2024,36,29,62.27,strong documented capacity evidence,81.0,1805.86,True,Rwanda: protecting against infectious diseases and ...,https://www.weforum.org/stories/2024/01/systems-infectious-diseases-biothreats-rwanda/,Rwanda environmental monitoring capacity after:2022-01-01 before:2026-01-01,www_weforum_org_Rwanda_protecting_against_infectious_diseases_and__76df8a1b61.txt,"The document provides clear evidence of Rwanda's institutionalized capacity to develop and use environmental data systems, specifically in the context of biosecurity and disease surveillance. The country has established a multi-sectoral disease intelligence system, which includes proactive monitoring for biological threats at Kigali International Airport, analysis of wastewater and nasal swab samples, and a network of 'biothreats radar' systems. This system demonstrates a high level of capacity in environmental data collection, analysis, and utilization for early warning and response to biological threats.","[""Rwanda has developed a series of multi-sectoral partnerships with CEPI, Ginkgo Bioworks and IQVIA."", ""Rwanda's end-to-end system begins with proactive monitoring for biological threats at Kigali International Airport."", ""Ginkgo Bioworks, in collaboration with the Rwanda Biomedical Centre, analyzes wastewater and nasal swab samples for pathogens carried in on arriving flights."", ""This programme becomes part of a global network of 'biothreats radar' systems monitoring locations where biothreats are likely to emerge."", ""Rwanda's effort to expand biosurveillance infrastructure builds on existing efforts to strengthen health security in the region.""]"
South Africa,2014-2018,2014,2018,2016,7,6,56.83,moderate documented capacity evidence,81.0,341.0,True,Regulations: National Greenhouse Gas Emission Reporting,https://cer.org.za/wp-content/uploads/2016/08/GHG-emission-reporting-regs.pdf,South Africa national environmental reporting capacity after:2014-01-01 before:2018-01-01,cer_org_za_Regulations_National_Greenhouse_Gas_Emission_Repor_767ecac9a1.txt,"The document provides clear evidence of institutionalized or operational national/subnational systems for greenhouse gas emission reporting in South Africa during 2014-2018. It outlines regulations, guidelines, and thresholds for reporting greenhouse gas emissions, indicating a mature environmental information system.","[""National Greenhouse Gas Emission Reporting Regulations"", ""National Environmental Management: Air Quality Act, 2004 (Act No. 39 of 2004)"", ""South African Air Quality Information System (SAAQIS)"", ""National Atmospheric Emission Inventory System (NAEIS)"", ""Technical Guidelines for Monitoring, Reporting and Verification of Greenhouse Gas Emissions by Industry""]"
South Africa,2022-2026,2022,2026,2024,7,6,60.5,strong documented capacity evidence,81.0,363.0,True,Developing and applying indicators to support marine ...,https://saiab.ac.za/wp-content/uploads/2025/12/Smit-et-al.-2025_Developing-applying-indicators-for-assessment-of-marine-ecosystems.pdf,South Africa environmental indicators reporting capacity after:2022-01-01 before:2026-01-01,saiab_ac_za_Developing_and_applying_indicators_to_support_mari_491597a5c0.txt,"The document provides clear evidence of institutionalized or operational national/subnational systems in South Africa during 2022-2026. It mentions the development and application of indicators to support marine ecosystem assessments, which is a key component of environmental data systems and scientific environmental assessments.","[""South Africa is relatively advanced among developing countries, with regular National Biodiversity Assessments (NBA) and a history of innovative monitoring approaches."", ""Indicators have a wide range of end-uses, serving different purposes across scientific, management, and policy contexts."", ""In South Africa, ecological and biodiversity indicators contribute directly to national assessments and reporting frameworks, such as the National Biodiversity Assessment (NBA) and State of the Environment reports."", ""The South African National Biodiversity Institute (SANBI), NRF-SAIAB, and other agencies are involved in the development and application of these indicators.""]"
